Acinonyx_jubatus,aciJub1_HiC.fasta.gz,aciJub1_HiC.fasta_v2.functional.gff3.gz,https://dnazoo.s3.wasabisys.com/Acinonyx_jubatus/README.json,https://dnazoo.s3.wasabisys.com/Acinonyx_jubatus/aciJub1_HiC.fasta.gz,https://dnazoo.s3.wasabisys.com/Acinonyx_jubatus/aciJub1_HiC.fasta_v2.functional.gff3.gz
Aeorestes_cinereus,L.cinereus_Cryan_1219_p1.0_HiC.fasta.gz,L.cinereus_Cryan_1219_p1.0_HiC.fasta_v2.functional.gff3.gz,https://dnazoo.s3.wasabisys.com/Aeorestes_cinereus/README.json,https://dnazoo.s3.wasabisys.com/Aeorestes_cinereus/L.cinereus_Cryan_1219_p1.0_HiC.fasta.gz,https://dnazoo.s3.wasabisys.com/Aeorestes_cinereus/L.cinereus_Cryan_1219_p1.0_HiC.fasta_v2.functional.gff3.gz
Ailurus_fulgens,ASM200746v1_HiC.fasta.gz,ASM200746v1_HiC.fasta_v2.functional.gff3.gz,https://dnazoo.s3.wasabisys.com/Ailurus_fulgens/README.json,https://dnazoo.s3.wasabisys.com/Ailurus_fulgens/ASM200746v1_HiC.fasta.gz,https://dnazoo.s3.wasabisys.com/Ailurus_fulgens/ASM200746v1_HiC.fasta_v2.functional.gff3.gz
Allenopithecus_nigroviridis,Allenopithecus_nigroviridis_HiC.fasta.gz,Allenopithecus_nigroviridis_HiC.fasta_v2.functional.gff3.gz,https://dnazoo.s3.wasabisys.com/Allenopithecus_nigroviridis/README.json,https://dnazoo.s3.wasabisys.com/Allenopithecus_nigroviridis/Allenopithecus_nigroviridis_HiC.fasta.gz,https://dnazoo.s3.wasabisys.com/Allenopithecus_nigroviridis/Allenopithecus_nigroviridis_HiC.fasta_v2.functional.gff3.gz
Aonyx_cinereus,Aonyx_cinereus_HiC.fasta.gz,Aonyx_cinereus_HiC.fasta_v2.functional.gff3.gz,https://dnazoo.s3.wasabisys.com/Aonyx_cinereus/README.json,https://dnazoo.s3.wasabisys.com/Aonyx_cinereus/Aonyx_cinereus_HiC.fasta.gz,https://dnazoo.s3.wasabisys.com/Aonyx_cinereus/Aonyx_cinereus_HiC.fasta_v2.functional.gff3.gz
Arctocephalus_townsendi,Arctocephalus_townsendi_HiC.fasta.gz,Arctocephalus_townsendi_HiC.fasta_v2.functional.gff3.gz,https://dnazoo.s3.wasabisys.com/Arctocephalus_townsendi/README.json,https://dnazoo.s3.wasabisys.com/Arctocephalus_townsendi/Arctocephalus_townsendi_HiC.fasta.gz,https://dnazoo.s3.wasabisys.com/Arctocephalus_townsendi/Arctocephalus_townsendi_HiC.fasta_v2.functional.gff3.gz
Axis_porcinus,ASM379854v1_HiC.fasta.gz,ASM379854v1_HiC.fasta_v2.functional.gff3.gz,https://dnazoo.s3.wasabisys.com/Axis_porcinus/README.json,https://dnazoo.s3.wasabisys.com/Axis_porcinus/ASM379854v1_HiC.fasta.gz,https://dnazoo.s3.wasabisys.com/Axis_porcinus/ASM379854v1_HiC.fasta_v2.functional.gff3.gz
Babyrousa_celebensis,Babyrousa_celebensis_HiC.fasta.gz,Babyrousa_celebensis_HiC.fasta_v2.functional.gff3.gz,https://dnazoo.s3.wasabisys.com/Babyrousa_celebensis/README.json,https://dnazoo.s3.wasabisys.com/Babyrousa_celebensis/Babyrousa_celebensis_HiC.fasta.gz,https://dnazoo.s3.wasabisys.com/Babyrousa_celebensis/Babyrousa_celebensis_HiC.fasta_v2.functional.gff3.gz
Balaenoptera_edeni,Balaenoptera_edeni_HiC.fasta.gz,Balaenoptera_edeni_HiC.fasta_v2.functional.gff3.gz,https://dnazoo.s3.wasabisys.com/Balaenoptera_edeni/README.json,https://dnazoo.s3.wasabisys.com/Balaenoptera_edeni/Balaenoptera_edeni_HiC.fasta.gz,https://dnazoo.s3.wasabisys.com/Balaenoptera_edeni/Balaenoptera_edeni_HiC.fasta_v2.functional.gff3.gz
Bassariscus_astutus,Bassariscus_astutus_HiC.fasta.gz,Bassariscus_astutus_HiC.fasta_v2.functional.gff3.gz,https://dnazoo.s3.wasabisys.com/Bassariscus_astutus/README.json,https://dnazoo.s3.wasabisys.com/Bassariscus_astutus/Bassariscus_astutus_HiC.fasta.gz,https://dnazoo.s3.wasabisys.com/Bassariscus_astutus/Bassariscus_astutus_HiC.fasta_v2.functional.gff3.gz
Bassariscus_sumichrasti,Bassariscus_sumichrasti_HiC.fasta.gz,Bassariscus_sumichrasti_HiC.fasta_v2.functional.gff3.gz,https://dnazoo.s3.wasabisys.com/Bassariscus_sumichrasti/README.json,https://dnazoo.s3.wasabisys.com/Bassariscus_sumichrasti/Bassariscus_sumichrasti_HiC.fasta.gz,https://dnazoo.s3.wasabisys.com/Bassariscus_sumichrasti/Bassariscus_sumichrasti_HiC.fasta_v2.functional.gff3.gz
Bison_bison,Bison_UMD1.0_HiC.fasta.gz,Bison_UMD1.0_HiC.fasta_v2.functional.gff3.gz,https://dnazoo.s3.wasabisys.com/Bison_bison/README.json,https://dnazoo.s3.wasabisys.com/Bison_bison/Bison_UMD1.0_HiC.fasta.gz,https://dnazoo.s3.wasabisys.com/Bison_bison/Bison_UMD1.0_HiC.fasta_v2.functional.gff3.gz
Callimico_goeldii,Callimico_goeldii_HiC.fasta.gz,Callimico_goeldii_HiC.fasta_v2.functional.gff3.gz,https://dnazoo.s3.wasabisys.com/Callimico_goeldii/README.json,https://dnazoo.s3.wasabisys.com/Callimico_goeldii/Callimico_goeldii_HiC.fasta.gz,https://dnazoo.s3.wasabisys.com/Callimico_goeldii/Callimico_goeldii_HiC.fasta_v2.functional.gff3.gz
Camelus_dromedarius,PRJNA234474_Ca_dromedarius_V1.0_HiC.fasta.gz,PRJNA234474_Ca_dromedarius_V1.0_HiC.fasta_v2.functional.gff3.gz,https://dnazoo.s3.wasabisys.com/Camelus_dromedarius/README.json,https://dnazoo.s3.wasabisys.com/Camelus_dromedarius/PRJNA234474_Ca_dromedarius_V1.0_HiC.fasta.gz,https://dnazoo.s3.wasabisys.com/Camelus_dromedarius/PRJNA234474_Ca_dromedarius_V1.0_HiC.fasta_v2.functional.gff3.gz
Canis_lupus_dingo,ASM325472v1_HiC.fasta.gz,ASM325472v1_HiC.fasta_v2.functional.gff3.gz,https://dnazoo.s3.wasabisys.com/Canis_lupus_dingo/README.json,https://dnazoo.s3.wasabisys.com/Canis_lupus_dingo/ASM325472v1_HiC.fasta.gz,https://dnazoo.s3.wasabisys.com/Canis_lupus_dingo/ASM325472v1_HiC.fasta_v2.functional.gff3.gz
Canis_lupus_dingo_alpine_ecotype,Cooinda_HYBRID_SCAFFOLD_NCBI_Nresized_merged_NOT_SCAFFOLDED_HiC.fasta.gz,Cooinda_HYBRID_SCAFFOLD_NCBI_Nresized_merged_NOT_SCAFFOLDED_HiC.fasta_v2.functional.gff3.gz,https://dnazoo.s3.wasabisys.com/Canis_lupus_dingo_alpine_ecotype/README.json,https://dnazoo.s3.wasabisys.com/Canis_lupus_dingo_alpine_ecotype/Cooinda_HYBRID_SCAFFOLD_NCBI_Nresized_merged_NOT_SCAFFOLDED_HiC.fasta.gz,https://dnazoo.s3.wasabisys.com/Canis_lupus_dingo_alpine_ecotype/Cooinda_HYBRID_SCAFFOLD_NCBI_Nresized_merged_NOT_SCAFFOLDED_HiC.fasta_v2.functional.gff3.gz
Canis_lupus_dingo_desert_ecotype,sandy.combined.contigs.arrow.purged_HiC.fasta.gz,sandy.combined.contigs.arrow.purged_HiC.fasta_v2.functional.gff3.gz,https://dnazoo.s3.wasabisys.com/Canis_lupus_dingo_desert_ecotype/README.json,https://dnazoo.s3.wasabisys.com/Canis_lupus_dingo_desert_ecotype/sandy.combined.contigs.arrow.purged_HiC.fasta.gz,https://dnazoo.s3.wasabisys.com/Canis_lupus_dingo_desert_ecotype/sandy.combined.contigs.arrow.purged_HiC.fasta_v2.functional.gff3.gz
Canis_lupus_familiaris,canFamDis_HiC.fasta.gz,canFamDis_HiC.fasta_v2.functional.gff3.gz,https://dnazoo.s3.wasabisys.com/Canis_lupus_familiaris/README.json,https://dnazoo.s3.wasabisys.com/Canis_lupus_familiaris/canFamDis_HiC.fasta.gz,https://dnazoo.s3.wasabisys.com/Canis_lupus_familiaris/canFamDis_HiC.fasta_v2.functional.gff3.gz
Canis_lupus_familiaris_Basenji,basenji_flye_rx4_medaka_pilon_jf_HiC.fasta.gz,basenji_flye_rx4_medaka_pilon_jf_HiC.fasta_v2.functional.gff3.gz,https://dnazoo.s3.wasabisys.com/Canis_lupus_familiaris_Basenji/README.json,https://dnazoo.s3.wasabisys.com/Canis_lupus_familiaris_Basenji/basenji_flye_rx4_medaka_pilon_jf_HiC.fasta.gz,https://dnazoo.s3.wasabisys.com/Canis_lupus_familiaris_Basenji/basenji_flye_rx4_medaka_pilon_jf_HiC.fasta_v2.functional.gff3.gz
Canis_lupus_familiaris_German_Shepherd,Nala_HYBRID_SCAFFOLD_NCBI_Nresized_merged_NOT_SCAFFOLDED_HiC.fasta.gz,Nala_HYBRID_SCAFFOLD_NCBI_Nresized_merged_NOT_SCAFFOLDED_HiC.fasta_v2.functional.gff3.gz,https://dnazoo.s3.wasabisys.com/Canis_lupus_familiaris_German_Shepherd/README.json,https://dnazoo.s3.wasabisys.com/Canis_lupus_familiaris_German_Shepherd/Nala_HYBRID_SCAFFOLD_NCBI_Nresized_merged_NOT_SCAFFOLDED_HiC.fasta.gz,https://dnazoo.s3.wasabisys.com/Canis_lupus_familiaris_German_Shepherd/Nala_HYBRID_SCAFFOLD_NCBI_Nresized_merged_NOT_SCAFFOLDED_HiC.fasta_v2.functional.gff3.gz
Carollia_perspicillata,CarPer_v1_BIUU_HiC.fasta.gz,CarPer_v1_BIUU_HiC.fasta_v2.functional.gff3.gz,https://dnazoo.s3.wasabisys.com/Carollia_perspicillata/README.json,https://dnazoo.s3.wasabisys.com/Carollia_perspicillata/CarPer_v1_BIUU_HiC.fasta.gz,https://dnazoo.s3.wasabisys.com/Carollia_perspicillata/CarPer_v1_BIUU_HiC.fasta_v2.functional.gff3.gz
Castor_canadensis,C.can_genome_v1.0_HiC.fasta.gz,C.can_genome_v1.0_HiC.fasta_v2.functional.gff3.gz,https://dnazoo.s3.wasabisys.com/Castor_canadensis/README.json,https://dnazoo.s3.wasabisys.com/Castor_canadensis/C.can_genome_v1.0_HiC.fasta.gz,https://dnazoo.s3.wasabisys.com/Castor_canadensis/C.can_genome_v1.0_HiC.fasta_v2.functional.gff3.gz
Cavia_porcellus,Cavpor3.0_HiC.fasta.gz,Cavpor3.0_HiC.fasta_v2.functional.gff3.gz,https://dnazoo.s3.wasabisys.com/Cavia_porcellus/README.json,https://dnazoo.s3.wasabisys.com/Cavia_porcellus/Cavpor3.0_HiC.fasta.gz,https://dnazoo.s3.wasabisys.com/Cavia_porcellus/Cavpor3.0_HiC.fasta_v2.functional.gff3.gz
Cebuella_pygmaea,Cebuella_pygmaea_HiC.fasta.gz,Cebuella_pygmaea_HiC.fasta_v2.functional.gff3.gz,https://dnazoo.s3.wasabisys.com/Cebuella_pygmaea/README.json,https://dnazoo.s3.wasabisys.com/Cebuella_pygmaea/Cebuella_pygmaea_HiC.fasta.gz,https://dnazoo.s3.wasabisys.com/Cebuella_pygmaea/Cebuella_pygmaea_HiC.fasta_v2.functional.gff3.gz
Cephalorhynchus_commersonii,Cephalorhynchus_commersonii_HiC.fasta.gz,Cephalorhynchus_commersonii_HiC.fasta_v2.functional.gff3.gz,https://dnazoo.s3.wasabisys.com/Cephalorhynchus_commersonii/README.json,https://dnazoo.s3.wasabisys.com/Cephalorhynchus_commersonii/Cephalorhynchus_commersonii_HiC.fasta.gz,https://dnazoo.s3.wasabisys.com/Cephalorhynchus_commersonii/Cephalorhynchus_commersonii_HiC.fasta_v2.functional.gff3.gz
Ceratotherium_simum,CerSimSim1.0_HiC.fasta.gz,CerSimSim1.0_HiC.fasta_v2.functional.gff3.gz,https://dnazoo.s3.wasabisys.com/Ceratotherium_simum/README.json,https://dnazoo.s3.wasabisys.com/Ceratotherium_simum/CerSimSim1.0_HiC.fasta.gz,https://dnazoo.s3.wasabisys.com/Ceratotherium_simum/CerSimSim1.0_HiC.fasta_v2.functional.gff3.gz
Chinchilla_x,ChiLan1.0_HiC.fasta.gz,ChiLan1.0_HiC.fasta_v2.functional.gff3.gz,https://dnazoo.s3.wasabisys.com/Chinchilla_x/README.json,https://dnazoo.s3.wasabisys.com/Chinchilla_x/ChiLan1.0_HiC.fasta.gz,https://dnazoo.s3.wasabisys.com/Chinchilla_x/ChiLan1.0_HiC.fasta_v2.functional.gff3.gz
Choloepus_hoffmanni,C_hoffmanni-2.0.1_HiC.fasta.gz,C_hoffmanni-2.0.1_HiC.fasta_v2.functional.gff3.gz,https://dnazoo.s3.wasabisys.com/Choloepus_hoffmanni/README.json,https://dnazoo.s3.wasabisys.com/Choloepus_hoffmanni/C_hoffmanni-2.0.1_HiC.fasta.gz,https://dnazoo.s3.wasabisys.com/Choloepus_hoffmanni/C_hoffmanni-2.0.1_HiC.fasta_v2.functional.gff3.gz
Chrysocyon_brachyurus,Chrysocyon_brachyurus_HiC.fasta.gz,Chrysocyon_brachyurus_HiC.fasta_v2.functional.gff3.gz,https://dnazoo.s3.wasabisys.com/Chrysocyon_brachyurus/README.json,https://dnazoo.s3.wasabisys.com/Chrysocyon_brachyurus/Chrysocyon_brachyurus_HiC.fasta.gz,https://dnazoo.s3.wasabisys.com/Chrysocyon_brachyurus/Chrysocyon_brachyurus_HiC.fasta_v2.functional.gff3.gz
Coendou_prehensilis,Coendou_prehensilis_HiC.fasta.gz,Coendou_prehensilis_HiC.fasta_v2.functional.gff3.gz,https://dnazoo.s3.wasabisys.com/Coendou_prehensilis/README.json,https://dnazoo.s3.wasabisys.com/Coendou_prehensilis/Coendou_prehensilis_HiC.fasta.gz,https://dnazoo.s3.wasabisys.com/Coendou_prehensilis/Coendou_prehensilis_HiC.fasta_v2.functional.gff3.gz
Connochaetes_taurinus,BWD_HiC.fasta.gz,BWD_HiC.fasta_v2.functional.gff3.gz,https://dnazoo.s3.wasabisys.com/Connochaetes_taurinus/README.json,https://dnazoo.s3.wasabisys.com/Connochaetes_taurinus/BWD_HiC.fasta.gz,https://dnazoo.s3.wasabisys.com/Connochaetes_taurinus/BWD_HiC.fasta_v2.functional.gff3.gz
Cricetulus_griseus,CriGri-PICR_HiC.fasta.gz,CriGri-PICR_HiC.fasta_v2.functional.gff3.gz,https://dnazoo.s3.wasabisys.com/Cricetulus_griseus/README.json,https://dnazoo.s3.wasabisys.com/Cricetulus_griseus/CriGri-PICR_HiC.fasta.gz,https://dnazoo.s3.wasabisys.com/Cricetulus_griseus/CriGri-PICR_HiC.fasta_v2.functional.gff3.gz
Crocuta_crocuta,Crocuta_crocuta_HiC.fasta.gz,Crocuta_crocuta_HiC.fasta_v2.functional.gff3.gz,https://dnazoo.s3.wasabisys.com/Crocuta_crocuta/README.json,https://dnazoo.s3.wasabisys.com/Crocuta_crocuta/Crocuta_crocuta_HiC.fasta.gz,https://dnazoo.s3.wasabisys.com/Crocuta_crocuta/Crocuta_crocuta_HiC.fasta_v2.functional.gff3.gz
Cryptoprocta_ferox,Cryptoprocta_ferox_HiC.fasta.gz,Cryptoprocta_ferox_HiC.fasta_v2.functional.gff3.gz,https://dnazoo.s3.wasabisys.com/Cryptoprocta_ferox/README.json,https://dnazoo.s3.wasabisys.com/Cryptoprocta_ferox/Cryptoprocta_ferox_HiC.fasta.gz,https://dnazoo.s3.wasabisys.com/Cryptoprocta_ferox/Cryptoprocta_ferox_HiC.fasta_v2.functional.gff3.gz
Delphinapterus_leucas,ASM228892v2_HiC.fasta.gz,ASM228892v2_HiC.fasta_v2.functional.gff3.gz,https://dnazoo.s3.wasabisys.com/Delphinapterus_leucas/README.json,https://dnazoo.s3.wasabisys.com/Delphinapterus_leucas/ASM228892v2_HiC.fasta.gz,https://dnazoo.s3.wasabisys.com/Delphinapterus_leucas/ASM228892v2_HiC.fasta_v2.functional.gff3.gz
Diceros_bicornis,Diceros_bicornis_HiC.fasta.gz,Diceros_bicornis_HiC.fasta_v2.functional.gff3.gz,https://dnazoo.s3.wasabisys.com/Diceros_bicornis/README.json,https://dnazoo.s3.wasabisys.com/Diceros_bicornis/Diceros_bicornis_HiC.fasta.gz,https://dnazoo.s3.wasabisys.com/Diceros_bicornis/Diceros_bicornis_HiC.fasta_v2.functional.gff3.gz
Eidolon_dupreanum,Eidolon_dupreanum_HiC.fasta.gz,Eidolon_dupreanum_HiC.fasta_v2.functional.gff3.gz,https://dnazoo.s3.wasabisys.com/Eidolon_dupreanum/README.json,https://dnazoo.s3.wasabisys.com/Eidolon_dupreanum/Eidolon_dupreanum_HiC.fasta.gz,https://dnazoo.s3.wasabisys.com/Eidolon_dupreanum/Eidolon_dupreanum_HiC.fasta_v2.functional.gff3.gz
Eidolon_helvum,ASM46528v1_HiC.fasta.gz,ASM46528v1_HiC.fasta_v2.functional.gff3.gz,https://dnazoo.s3.wasabisys.com/Eidolon_helvum/README.json,https://dnazoo.s3.wasabisys.com/Eidolon_helvum/ASM46528v1_HiC.fasta.gz,https://dnazoo.s3.wasabisys.com/Eidolon_helvum/ASM46528v1_HiC.fasta_v2.functional.gff3.gz
Elephas_maximus,Elephas_maximus_HiC.fasta.gz,Elephas_maximus_HiC.fasta_v2.functional.gff3.gz,https://dnazoo.s3.wasabisys.com/Elephas_maximus/README.json,https://dnazoo.s3.wasabisys.com/Elephas_maximus/Elephas_maximus_HiC.fasta.gz,https://dnazoo.s3.wasabisys.com/Elephas_maximus/Elephas_maximus_HiC.fasta_v2.functional.gff3.gz
Enhydra_lutris,ASM228890v2_HiC.fasta.gz,ASM228890v2_HiC.fasta_v2.functional.gff3.gz,https://dnazoo.s3.wasabisys.com/Enhydra_lutris/README.json,https://dnazoo.s3.wasabisys.com/Enhydra_lutris/ASM228890v2_HiC.fasta.gz,https://dnazoo.s3.wasabisys.com/Enhydra_lutris/ASM228890v2_HiC.fasta_v2.functional.gff3.gz
Eptesicus_fuscus,EptFus1.0_HiC.fasta.gz,EptFus1.0_HiC.fasta_v2.functional.gff3.gz,https://dnazoo.s3.wasabisys.com/Eptesicus_fuscus/README.json,https://dnazoo.s3.wasabisys.com/Eptesicus_fuscus/EptFus1.0_HiC.fasta.gz,https://dnazoo.s3.wasabisys.com/Eptesicus_fuscus/EptFus1.0_HiC.fasta_v2.functional.gff3.gz
Equus_asinus__ASM303372v1,ASM303372v1_HiC.fasta.gz,ASM303372v1_HiC.fasta_v2.functional.gff3.gz,https://dnazoo.s3.wasabisys.com/Equus_asinus__ASM303372v1/README.json,https://dnazoo.s3.wasabisys.com/Equus_asinus__ASM303372v1/ASM303372v1_HiC.fasta.gz,https://dnazoo.s3.wasabisys.com/Equus_asinus__ASM303372v1/ASM303372v1_HiC.fasta_v2.functional.gff3.gz
Equus_quagga,Equus_quagga_HiC.fasta.gz,Equus_quagga_HiC.fasta_v2.functional.gff3.gz,https://dnazoo.s3.wasabisys.com/Equus_quagga/README.json,https://dnazoo.s3.wasabisys.com/Equus_quagga/Equus_quagga_HiC.fasta.gz,https://dnazoo.s3.wasabisys.com/Equus_quagga/Equus_quagga_HiC.fasta_v2.functional.gff3.gz
Equus_zebra,Equus_zebra_HiC.fasta.gz,Equus_zebra_HiC.fasta_v2.functional.gff3.gz,https://dnazoo.s3.wasabisys.com/Equus_zebra/README.json,https://dnazoo.s3.wasabisys.com/Equus_zebra/Equus_zebra_HiC.fasta.gz,https://dnazoo.s3.wasabisys.com/Equus_zebra/Equus_zebra_HiC.fasta_v2.functional.gff3.gz
Erethizon_dorsatum,GSC_porc_1.0_HiC.fasta.gz,GSC_porc_1.0_HiC.fasta_v2.functional.gff3.gz,https://dnazoo.s3.wasabisys.com/Erethizon_dorsatum/README.json,https://dnazoo.s3.wasabisys.com/Erethizon_dorsatum/GSC_porc_1.0_HiC.fasta.gz,https://dnazoo.s3.wasabisys.com/Erethizon_dorsatum/GSC_porc_1.0_HiC.fasta_v2.functional.gff3.gz
Erignathus_barbatus,Erignathus_barbatus_HiC.fasta.gz,Erignathus_barbatus_HiC.fasta_v2.functional.gff3.gz,https://dnazoo.s3.wasabisys.com/Erignathus_barbatus/README.json,https://dnazoo.s3.wasabisys.com/Erignathus_barbatus/Erignathus_barbatus_HiC.fasta.gz,https://dnazoo.s3.wasabisys.com/Erignathus_barbatus/Erignathus_barbatus_HiC.fasta_v2.functional.gff3.gz
Erythrocebus_patas,Erythrocebus_patas_HiC.fasta.gz,Erythrocebus_patas_HiC.fasta_v2.functional.gff3.gz,https://dnazoo.s3.wasabisys.com/Erythrocebus_patas/README.json,https://dnazoo.s3.wasabisys.com/Erythrocebus_patas/Erythrocebus_patas_HiC.fasta.gz,https://dnazoo.s3.wasabisys.com/Erythrocebus_patas/Erythrocebus_patas_HiC.fasta_v2.functional.gff3.gz
Eschrichtius_robustus,Eschrichtius_robustus_HiC.fasta.gz,Eschrichtius_robustus_HiC.fasta_v2.functional.gff3.gz,https://dnazoo.s3.wasabisys.com/Eschrichtius_robustus/README.json,https://dnazoo.s3.wasabisys.com/Eschrichtius_robustus/Eschrichtius_robustus_HiC.fasta.gz,https://dnazoo.s3.wasabisys.com/Eschrichtius_robustus/Eschrichtius_robustus_HiC.fasta_v2.functional.gff3.gz
Eubalaena_australis,RWref_HiC.fasta.gz,RWref_HiC.fasta_v2.functional.gff3.gz,https://dnazoo.s3.wasabisys.com/Eubalaena_australis/README.json,https://dnazoo.s3.wasabisys.com/Eubalaena_australis/RWref_HiC.fasta.gz,https://dnazoo.s3.wasabisys.com/Eubalaena_australis/RWref_HiC.fasta_v2.functional.gff3.gz
Eubalaena_glacialis,Eubalaena_glacialis_HiC.fasta.gz,Eubalaena_glacialis_HiC.fasta_v2.functional.gff3.gz,https://dnazoo.s3.wasabisys.com/Eubalaena_glacialis/README.json,https://dnazoo.s3.wasabisys.com/Eubalaena_glacialis/Eubalaena_glacialis_HiC.fasta.gz,https://dnazoo.s3.wasabisys.com/Eubalaena_glacialis/Eubalaena_glacialis_HiC.fasta_v2.functional.gff3.gz
Eulemur_flavifrons,Eflavifronsk33QCA_HiC.fasta.gz,Eflavifronsk33QCA_HiC.fasta_v2.functional.gff3.gz,https://dnazoo.s3.wasabisys.com/Eulemur_flavifrons/README.json,https://dnazoo.s3.wasabisys.com/Eulemur_flavifrons/Eflavifronsk33QCA_HiC.fasta.gz,https://dnazoo.s3.wasabisys.com/Eulemur_flavifrons/Eflavifronsk33QCA_HiC.fasta_v2.functional.gff3.gz
Eulemur_mongoz,Eulemur_mongoz_HiC.fasta.gz,Eulemur_mongoz_HiC.fasta_v2.functional.gff3.gz,https://dnazoo.s3.wasabisys.com/Eulemur_mongoz/README.json,https://dnazoo.s3.wasabisys.com/Eulemur_mongoz/Eulemur_mongoz_HiC.fasta.gz,https://dnazoo.s3.wasabisys.com/Eulemur_mongoz/Eulemur_mongoz_HiC.fasta_v2.functional.gff3.gz
Felis_nigripes,Felis_nigripes_HiC.fasta.gz,Felis_nigripes__Felis_nigripes_HiC.fasta_v2.functional.gff3.gz,https://dnazoo.s3.wasabisys.com/Felis_nigripes/README.json,https://dnazoo.s3.wasabisys.com/Felis_nigripes/Felis_nigripes_HiC.fasta.gz,https://dnazoo.s3.wasabisys.com/Felis_nigripes/Felis_nigripes__Felis_nigripes_HiC.fasta_v2.functional.gff3.gz
Fukomys_damarensis,DMR_v1.0_HiC.fasta.gz,DMR_v1.0_HiC.fasta_v2.functional.gff3.gz,https://dnazoo.s3.wasabisys.com/Fukomys_damarensis/README.json,https://dnazoo.s3.wasabisys.com/Fukomys_damarensis/DMR_v1.0_HiC.fasta.gz,https://dnazoo.s3.wasabisys.com/Fukomys_damarensis/DMR_v1.0_HiC.fasta_v2.functional.gff3.gz
Giraffa_camelopardalis,ASM165123v1_HiC.fasta.gz,ASM165123v1_HiC.fasta_v2.functional.gff3.gz,https://dnazoo.s3.wasabisys.com/Giraffa_camelopardalis/README.json,https://dnazoo.s3.wasabisys.com/Giraffa_camelopardalis/ASM165123v1_HiC.fasta.gz,https://dnazoo.s3.wasabisys.com/Giraffa_camelopardalis/ASM165123v1_HiC.fasta_v2.functional.gff3.gz
Globicephala_melas,ASM654740v1_HiC.fasta.gz,ASM654740v1_HiC.fasta_v2.functional.gff3.gz,https://dnazoo.s3.wasabisys.com/Globicephala_melas/README.json,https://dnazoo.s3.wasabisys.com/Globicephala_melas/ASM654740v1_HiC.fasta.gz,https://dnazoo.s3.wasabisys.com/Globicephala_melas/ASM654740v1_HiC.fasta_v2.functional.gff3.gz
Grampus_griseus,Grampus_griseus_HiC.fasta.gz,Grampus_griseus_HiC.fasta_v2.functional.gff3.gz,https://dnazoo.s3.wasabisys.com/Grampus_griseus/README.json,https://dnazoo.s3.wasabisys.com/Grampus_griseus/Grampus_griseus_HiC.fasta.gz,https://dnazoo.s3.wasabisys.com/Grampus_griseus/Grampus_griseus_HiC.fasta_v2.functional.gff3.gz
Gymnobelideus_leadbeateri,LBP_v1_HiC.fasta.gz,LBP_v1_HiC.fasta_v2.functional.gff3.gz,https://dnazoo.s3.wasabisys.com/Gymnobelideus_leadbeateri/README.json,https://dnazoo.s3.wasabisys.com/Gymnobelideus_leadbeateri/LBP_v1_HiC.fasta.gz,https://dnazoo.s3.wasabisys.com/Gymnobelideus_leadbeateri/LBP_v1_HiC.fasta_v2.functional.gff3.gz
Halichoerus_grypus,Halichoerus_grypus_HiC.fasta.gz,Halichoerus_grypus_HiC.fasta_v2.functional.gff3.gz,https://dnazoo.s3.wasabisys.com/Halichoerus_grypus/README.json,https://dnazoo.s3.wasabisys.com/Halichoerus_grypus/Halichoerus_grypus_HiC.fasta.gz,https://dnazoo.s3.wasabisys.com/Halichoerus_grypus/Halichoerus_grypus_HiC.fasta_v2.functional.gff3.gz
Helarctos_malayanus,Helarctos_malayanus_HiC.fasta.gz,Helarctos_malayanus_HiC.fasta_v2.functional.gff3.gz,https://dnazoo.s3.wasabisys.com/Helarctos_malayanus/README.json,https://dnazoo.s3.wasabisys.com/Helarctos_malayanus/Helarctos_malayanus_HiC.fasta.gz,https://dnazoo.s3.wasabisys.com/Helarctos_malayanus/Helarctos_malayanus_HiC.fasta_v2.functional.gff3.gz
Herpailurus_yagouaroundi,jaguarundi_pseudohap2.1.filtered_HiC.fasta.gz,jaguarundi_pseudohap2.1.filtered_HiC.fasta_v2.functional.gff3.gz,https://dnazoo.s3.wasabisys.com/Herpailurus_yagouaroundi/README.json,https://dnazoo.s3.wasabisys.com/Herpailurus_yagouaroundi/jaguarundi_pseudohap2.1.filtered_HiC.fasta.gz,https://dnazoo.s3.wasabisys.com/Herpailurus_yagouaroundi/jaguarundi_pseudohap2.1.filtered_HiC.fasta_v2.functional.gff3.gz
Heterocephalus_glaber,HetGla_female_1.0_HiC.fasta.gz,HetGla_female_1.0_HiC.fasta_v2.functional.gff3.gz,https://dnazoo.s3.wasabisys.com/Heterocephalus_glaber/README.json,https://dnazoo.s3.wasabisys.com/Heterocephalus_glaber/HetGla_female_1.0_HiC.fasta.gz,https://dnazoo.s3.wasabisys.com/Heterocephalus_glaber/HetGla_female_1.0_HiC.fasta_v2.functional.gff3.gz
Hippotragus_niger,Sable_antelope_Masurca.scf_HiC.fasta.gz,Sable_antelope_Masurca.scf_HiC.fasta_v2.functional.gff3.gz,https://dnazoo.s3.wasabisys.com/Hippotragus_niger/README.json,https://dnazoo.s3.wasabisys.com/Hippotragus_niger/Sable_antelope_Masurca.scf_HiC.fasta.gz,https://dnazoo.s3.wasabisys.com/Hippotragus_niger/Sable_antelope_Masurca.scf_HiC.fasta_v2.functional.gff3.gz
Hydrochoerus_hydrochaeris,Hydrochoerus_hydrochaeris_HiC.fasta.gz,Hydrochoerus_hydrochaeris_HiC.fasta_v2.functional.gff3.gz,https://dnazoo.s3.wasabisys.com/Hydrochoerus_hydrochaeris/README.json,https://dnazoo.s3.wasabisys.com/Hydrochoerus_hydrochaeris/Hydrochoerus_hydrochaeris_HiC.fasta.gz,https://dnazoo.s3.wasabisys.com/Hydrochoerus_hydrochaeris/Hydrochoerus_hydrochaeris_HiC.fasta_v2.functional.gff3.gz
Hylobates_agilis,Hylobates_agilis_HiC.fasta.gz,Hylobates_agilis_HiC.fasta_v2.functional.gff3.gz,https://dnazoo.s3.wasabisys.com/Hylobates_agilis/README.json,https://dnazoo.s3.wasabisys.com/Hylobates_agilis/Hylobates_agilis_HiC.fasta.gz,https://dnazoo.s3.wasabisys.com/Hylobates_agilis/Hylobates_agilis_HiC.fasta_v2.functional.gff3.gz
Lagenorhynchus_acutus,Lagenorhynchus_acutus_HiC.fasta.gz,Lagenorhynchus_acutus_HiC.fasta_v2.functional.gff3.gz,https://dnazoo.s3.wasabisys.com/Lagenorhynchus_acutus/README.json,https://dnazoo.s3.wasabisys.com/Lagenorhynchus_acutus/Lagenorhynchus_acutus_HiC.fasta.gz,https://dnazoo.s3.wasabisys.com/Lagenorhynchus_acutus/Lagenorhynchus_acutus_HiC.fasta_v2.functional.gff3.gz
Lagenorhynchus_obliquidens,ASM367639v1_HiC.fasta.gz,ASM367639v1_HiC.fasta_v2.functional.gff3.gz,https://dnazoo.s3.wasabisys.com/Lagenorhynchus_obliquidens/README.json,https://dnazoo.s3.wasabisys.com/Lagenorhynchus_obliquidens/ASM367639v1_HiC.fasta.gz,https://dnazoo.s3.wasabisys.com/Lagenorhynchus_obliquidens/ASM367639v1_HiC.fasta_v2.functional.gff3.gz
Lagorchestes_hirsutus,Lagorchestes_hirsutus_HiC.fasta.gz,Lagorchestes_hirsutus_HiC.fasta_v2.functional.gff3.gz,https://dnazoo.s3.wasabisys.com/Lagorchestes_hirsutus/README.json,https://dnazoo.s3.wasabisys.com/Lagorchestes_hirsutus/Lagorchestes_hirsutus_HiC.fasta.gz,https://dnazoo.s3.wasabisys.com/Lagorchestes_hirsutus/Lagorchestes_hirsutus_HiC.fasta_v2.functional.gff3.gz
Lama_glama,Lama_glama_HiC.fasta.gz,Lama_glama_HiC.fasta_v2.functional.gff3.gz,https://dnazoo.s3.wasabisys.com/Lama_glama/README.json,https://dnazoo.s3.wasabisys.com/Lama_glama/Lama_glama_HiC.fasta.gz,https://dnazoo.s3.wasabisys.com/Lama_glama/Lama_glama_HiC.fasta_v2.functional.gff3.gz
Leontopithecus_rosalia,Leontopithecus_rosalia_HiC.fasta.gz,Leontopithecus_rosalia_HiC.fasta_v2.functional.gff3.gz,https://dnazoo.s3.wasabisys.com/Leontopithecus_rosalia/README.json,https://dnazoo.s3.wasabisys.com/Leontopithecus_rosalia/Leontopithecus_rosalia_HiC.fasta.gz,https://dnazoo.s3.wasabisys.com/Leontopithecus_rosalia/Leontopithecus_rosalia_HiC.fasta_v2.functional.gff3.gz
Litocranius_walleri,GRK_HiC.fasta.gz,GRK_HiC.fasta_v2.functional.gff3.gz,https://dnazoo.s3.wasabisys.com/Litocranius_walleri/README.json,https://dnazoo.s3.wasabisys.com/Litocranius_walleri/GRK_HiC.fasta.gz,https://dnazoo.s3.wasabisys.com/Litocranius_walleri/GRK_HiC.fasta_v2.functional.gff3.gz
Lontra_canadensis,GSC_riverotter_1.0_HiC.fasta.gz,GSC_riverotter_1.0_HiC.fasta_v2.functional.gff3.gz,https://dnazoo.s3.wasabisys.com/Lontra_canadensis/README.json,https://dnazoo.s3.wasabisys.com/Lontra_canadensis/GSC_riverotter_1.0_HiC.fasta.gz,https://dnazoo.s3.wasabisys.com/Lontra_canadensis/GSC_riverotter_1.0_HiC.fasta_v2.functional.gff3.gz
Lutra_lutra,mLutLut1_HiC.fasta.gz,mLutLut1_HiC.fasta_v2.functional.gff3.gz,https://dnazoo.s3.wasabisys.com/Lutra_lutra/README.json,https://dnazoo.s3.wasabisys.com/Lutra_lutra/mLutLut1_HiC.fasta.gz,https://dnazoo.s3.wasabisys.com/Lutra_lutra/mLutLut1_HiC.fasta_v2.functional.gff3.gz
Lycaon_pictus__sis2-181106,sis2-181106_HiC.fasta.gz,sis2-181106_HiC.fasta_v2.functional.gff3.gz,https://dnazoo.s3.wasabisys.com/Lycaon_pictus__sis2-181106/README.json,https://dnazoo.s3.wasabisys.com/Lycaon_pictus__sis2-181106/sis2-181106_HiC.fasta.gz,https://dnazoo.s3.wasabisys.com/Lycaon_pictus__sis2-181106/sis2-181106_HiC.fasta_v2.functional.gff3.gz
Macaca_fuscata,Macaca_fuscata_HiC.fasta.gz,Macaca_fuscata_HiC.fasta_v2.functional.gff3.gz,https://dnazoo.s3.wasabisys.com/Macaca_fuscata/README.json,https://dnazoo.s3.wasabisys.com/Macaca_fuscata/Macaca_fuscata_HiC.fasta.gz,https://dnazoo.s3.wasabisys.com/Macaca_fuscata/Macaca_fuscata_HiC.fasta_v2.functional.gff3.gz
Mandrillus_sphinx,BGI_mandrill_1.0_HiC.fasta.gz,BGI_mandrill_1.0_HiC.fasta_v2.functional.gff3.gz,https://dnazoo.s3.wasabisys.com/Mandrillus_sphinx/README.json,https://dnazoo.s3.wasabisys.com/Mandrillus_sphinx/BGI_mandrill_1.0_HiC.fasta.gz,https://dnazoo.s3.wasabisys.com/Mandrillus_sphinx/BGI_mandrill_1.0_HiC.fasta_v2.functional.gff3.gz
Manis_javanica,ManJav1.0_HiC.fasta.gz,ManJav1.0_HiC.fasta_v2.functional.gff3.gz,https://dnazoo.s3.wasabisys.com/Manis_javanica/README.json,https://dnazoo.s3.wasabisys.com/Manis_javanica/ManJav1.0_HiC.fasta.gz,https://dnazoo.s3.wasabisys.com/Manis_javanica/ManJav1.0_HiC.fasta_v2.functional.gff3.gz
Manis_pentadactyla,M_pentadactyla-1.1.1_HiC.fasta.gz,M_pentadactyla-1.1.1_HiC.fasta_v2.functional.gff3.gz,https://dnazoo.s3.wasabisys.com/Manis_pentadactyla/README.json,https://dnazoo.s3.wasabisys.com/Manis_pentadactyla/M_pentadactyla-1.1.1_HiC.fasta.gz,https://dnazoo.s3.wasabisys.com/Manis_pentadactyla/M_pentadactyla-1.1.1_HiC.fasta_v2.functional.gff3.gz
Martes_flavigula,mfla.min_150.pseudohap2.1_HiC.fasta.gz,mfla.min_150.pseudohap2.1_HiC.fasta_v2.functional.gff3.gz,https://dnazoo.s3.wasabisys.com/Martes_flavigula/README.json,https://dnazoo.s3.wasabisys.com/Martes_flavigula/mfla.min_150.pseudohap2.1_HiC.fasta.gz,https://dnazoo.s3.wasabisys.com/Martes_flavigula/mfla.min_150.pseudohap2.1_HiC.fasta_v2.functional.gff3.gz
Martes_foina,mfoi.min_150.pseudohap2.1_HiC.fasta.gz,mfoi.min_150.pseudohap2.1_HiC.fasta_v2.functional.gff3.gz,https://dnazoo.s3.wasabisys.com/Martes_foina/README.json,https://dnazoo.s3.wasabisys.com/Martes_foina/mfoi.min_150.pseudohap2.1_HiC.fasta.gz,https://dnazoo.s3.wasabisys.com/Martes_foina/mfoi.min_150.pseudohap2.1_HiC.fasta_v2.functional.gff3.gz
Martes_martes,mmar.min_150.pseudohap2.1_HiC.fasta.gz,mmar.min_150.pseudohap2.1_HiC.fasta_v2.functional.gff3.gz,https://dnazoo.s3.wasabisys.com/Martes_martes/README.json,https://dnazoo.s3.wasabisys.com/Martes_martes/mmar.min_150.pseudohap2.1_HiC.fasta.gz,https://dnazoo.s3.wasabisys.com/Martes_martes/mmar.min_150.pseudohap2.1_HiC.fasta_v2.functional.gff3.gz
Mastacomys_fuscus,Mastacomys_fuscus_wtdbg2_polished_HiC.fasta.gz,Mastacomys_fuscus_wtdbg2_polished_HiC.fasta_v2.functional.gff3.gz,https://dnazoo.s3.wasabisys.com/Mastacomys_fuscus/README.json,https://dnazoo.s3.wasabisys.com/Mastacomys_fuscus/Mastacomys_fuscus_wtdbg2_polished_HiC.fasta.gz,https://dnazoo.s3.wasabisys.com/Mastacomys_fuscus/Mastacomys_fuscus_wtdbg2_polished_HiC.fasta_v2.functional.gff3.gz
Mesocricetus_auratus__MesAur1.0,MesAur1.0_HiC.fasta.gz,MesAur1.0_HiC.fasta_v2.functional.gff3.gz,https://dnazoo.s3.wasabisys.com/Mesocricetus_auratus__MesAur1.0/README.json,https://dnazoo.s3.wasabisys.com/Mesocricetus_auratus__MesAur1.0/MesAur1.0_HiC.fasta.gz,https://dnazoo.s3.wasabisys.com/Mesocricetus_auratus__MesAur1.0/MesAur1.0_HiC.fasta_v2.functional.gff3.gz
Mesoplodon_densirostris,Mesoplodon_densirostris_HiC.fasta.gz,Mesoplodon_densirostris_HiC.fasta_v2.functional.gff3.gz,https://dnazoo.s3.wasabisys.com/Mesoplodon_densirostris/README.json,https://dnazoo.s3.wasabisys.com/Mesoplodon_densirostris/Mesoplodon_densirostris_HiC.fasta.gz,https://dnazoo.s3.wasabisys.com/Mesoplodon_densirostris/Mesoplodon_densirostris_HiC.fasta_v2.functional.gff3.gz
Mesoplodon_europaeus,Mesoplodon_europaeus_HiC.fasta.gz,Mesoplodon_europaeus_HiC.fasta_v2.functional.gff3.gz,https://dnazoo.s3.wasabisys.com/Mesoplodon_europaeus/README.json,https://dnazoo.s3.wasabisys.com/Mesoplodon_europaeus/Mesoplodon_europaeus_HiC.fasta.gz,https://dnazoo.s3.wasabisys.com/Mesoplodon_europaeus/Mesoplodon_europaeus_HiC.fasta_v2.functional.gff3.gz
Mesoplodon_stejnegeri,Mesoplodon_stejnegeri_HiC.fasta.gz,Mesoplodon_stejnegeri_HiC.fasta_v2.functional.gff3.gz,https://dnazoo.s3.wasabisys.com/Mesoplodon_stejnegeri/README.json,https://dnazoo.s3.wasabisys.com/Mesoplodon_stejnegeri/Mesoplodon_stejnegeri_HiC.fasta.gz,https://dnazoo.s3.wasabisys.com/Mesoplodon_stejnegeri/Mesoplodon_stejnegeri_HiC.fasta_v2.functional.gff3.gz
Microcebus_murinus,Mmur_3.0_HiC.fasta.gz,Mmur_3.0_HiC.fasta_v2.functional.gff3.gz,https://dnazoo.s3.wasabisys.com/Microcebus_murinus/README.json,https://dnazoo.s3.wasabisys.com/Microcebus_murinus/Mmur_3.0_HiC.fasta.gz,https://dnazoo.s3.wasabisys.com/Microcebus_murinus/Mmur_3.0_HiC.fasta_v2.functional.gff3.gz
Mirounga_angustirostris,Mirounga_angustirostris_HiC.fasta.gz,Mirounga_angustirostris_HiC.fasta_v2.functional.gff3.gz,https://dnazoo.s3.wasabisys.com/Mirounga_angustirostris/README.json,https://dnazoo.s3.wasabisys.com/Mirounga_angustirostris/Mirounga_angustirostris_HiC.fasta.gz,https://dnazoo.s3.wasabisys.com/Mirounga_angustirostris/Mirounga_angustirostris_HiC.fasta_v2.functional.gff3.gz
Monodelphis_domestica,MonDom5_HiC.fasta.gz,MonDom5_HiC.fasta_v2.functional.gff3.gz,https://dnazoo.s3.wasabisys.com/Monodelphis_domestica/README.json,https://dnazoo.s3.wasabisys.com/Monodelphis_domestica/MonDom5_HiC.fasta.gz,https://dnazoo.s3.wasabisys.com/Monodelphis_domestica/MonDom5_HiC.fasta_v2.functional.gff3.gz
Moschus_berezovskii,ls35.final.genome_HiC.fasta.gz,ls35.final.genome_HiC.fasta_v2.functional.gff3.gz,https://dnazoo.s3.wasabisys.com/Moschus_berezovskii/README.json,https://dnazoo.s3.wasabisys.com/Moschus_berezovskii/ls35.final.genome_HiC.fasta.gz,https://dnazoo.s3.wasabisys.com/Moschus_berezovskii/ls35.final.genome_HiC.fasta_v2.functional.gff3.gz
Muntiacus_muntjak,CMJ_HiC.fasta.gz,CMJ_HiC.fasta_v2.functional.gff3.gz,https://dnazoo.s3.wasabisys.com/Muntiacus_muntjak/README.json,https://dnazoo.s3.wasabisys.com/Muntiacus_muntjak/CMJ_HiC.fasta.gz,https://dnazoo.s3.wasabisys.com/Muntiacus_muntjak/CMJ_HiC.fasta_v2.functional.gff3.gz
Muntiacus_reevesi,CIJ_HiC.fasta.gz,CIJ_HiC.fasta_v2.functional.gff3.gz,https://dnazoo.s3.wasabisys.com/Muntiacus_reevesi/README.json,https://dnazoo.s3.wasabisys.com/Muntiacus_reevesi/CIJ_HiC.fasta.gz,https://dnazoo.s3.wasabisys.com/Muntiacus_reevesi/CIJ_HiC.fasta_v2.functional.gff3.gz
Mustela_putorius_furo,MusPutFur1.0_HiC.fasta.gz,MusPutFur1.0_HiC.fasta_v2.functional.gff3.gz,https://dnazoo.s3.wasabisys.com/Mustela_putorius_furo/README.json,https://dnazoo.s3.wasabisys.com/Mustela_putorius_furo/MusPutFur1.0_HiC.fasta.gz,https://dnazoo.s3.wasabisys.com/Mustela_putorius_furo/MusPutFur1.0_HiC.fasta_v2.functional.gff3.gz
Myotis_lucifugus,Myoluc2.0_HiC.fasta.gz,Myoluc2.0_HiC.fasta_v2.functional.gff3.gz,https://dnazoo.s3.wasabisys.com/Myotis_lucifugus/README.json,https://dnazoo.s3.wasabisys.com/Myotis_lucifugus/Myoluc2.0_HiC.fasta.gz,https://dnazoo.s3.wasabisys.com/Myotis_lucifugus/Myoluc2.0_HiC.fasta_v2.functional.gff3.gz
Myotis_septentrionalis,myse_ont_racon_pilon_HiC.fasta.gz,myse_ont_racon_pilon_HiC.fasta_v2.functional.gff3.gz,https://dnazoo.s3.wasabisys.com/Myotis_septentrionalis/README.json,https://dnazoo.s3.wasabisys.com/Myotis_septentrionalis/myse_ont_racon_pilon_HiC.fasta.gz,https://dnazoo.s3.wasabisys.com/Myotis_septentrionalis/myse_ont_racon_pilon_HiC.fasta_v2.functional.gff3.gz
Nasua_narica,Nasua_narica_HiC.fasta.gz,Nasua_narica_HiC.fasta_v2.functional.gff3.gz,https://dnazoo.s3.wasabisys.com/Nasua_narica/README.json,https://dnazoo.s3.wasabisys.com/Nasua_narica/Nasua_narica_HiC.fasta.gz,https://dnazoo.s3.wasabisys.com/Nasua_narica/Nasua_narica_HiC.fasta_v2.functional.gff3.gz
Neofelis_nebulosa,Neofelis_nebulosa_HiC.fasta.gz,Neofelis_nebulosa_HiC.fasta_v2.functional.gff3.gz,https://dnazoo.s3.wasabisys.com/Neofelis_nebulosa/README.json,https://dnazoo.s3.wasabisys.com/Neofelis_nebulosa/Neofelis_nebulosa_HiC.fasta.gz,https://dnazoo.s3.wasabisys.com/Neofelis_nebulosa/Neofelis_nebulosa_HiC.fasta_v2.functional.gff3.gz
Neomonachus_schauinslandi,EXP_REFINEFINAL1_bppAdjust_cmap_10X_BNG_fasta_NGScontigs_HYBRID_SCAFFOLD_NCBI_HiC.fasta.gz,EXP_REFINEFINAL1_bppAdjust_cmap_10X_BNG_fasta_NGScontigs_HYBRID_SCAFFOLD_NCBI_HiC.fasta_v2.functional.gff3.gz,https://dnazoo.s3.wasabisys.com/Neomonachus_schauinslandi/README.json,https://dnazoo.s3.wasabisys.com/Neomonachus_schauinslandi/EXP_REFINEFINAL1_bppAdjust_cmap_10X_BNG_fasta_NGScontigs_HYBRID_SCAFFOLD_NCBI_HiC.fasta.gz,https://dnazoo.s3.wasabisys.com/Neomonachus_schauinslandi/EXP_REFINEFINAL1_bppAdjust_cmap_10X_BNG_fasta_NGScontigs_HYBRID_SCAFFOLD_NCBI_HiC.fasta_v2.functional.gff3.gz
Neotomodon_alstoni,Neotomodon_alstoni_10x_v13_HiC.fasta.gz,Neotomodon_alstoni_10x_v13_HiC.fasta_v2.functional.gff3.gz,https://dnazoo.s3.wasabisys.com/Neotomodon_alstoni/README.json,https://dnazoo.s3.wasabisys.com/Neotomodon_alstoni/Neotomodon_alstoni_10x_v13_HiC.fasta.gz,https://dnazoo.s3.wasabisys.com/Neotomodon_alstoni/Neotomodon_alstoni_10x_v13_HiC.fasta_v2.functional.gff3.gz
Odobenus_rosmarus,Oros_1.0_HiC.fasta.gz,Oros_1.0_HiC.fasta_v2.functional.gff3.gz,https://dnazoo.s3.wasabisys.com/Odobenus_rosmarus/README.json,https://dnazoo.s3.wasabisys.com/Odobenus_rosmarus/Oros_1.0_HiC.fasta.gz,https://dnazoo.s3.wasabisys.com/Odobenus_rosmarus/Oros_1.0_HiC.fasta_v2.functional.gff3.gz
Odocoileus_hemionus,Odocoileus_hemionus_HiC.fasta.gz,Odocoileus_hemionus_HiC.fasta_v2.functional.gff3.gz,https://dnazoo.s3.wasabisys.com/Odocoileus_hemionus/README.json,https://dnazoo.s3.wasabisys.com/Odocoileus_hemionus/Odocoileus_hemionus_HiC.fasta.gz,https://dnazoo.s3.wasabisys.com/Odocoileus_hemionus/Odocoileus_hemionus_HiC.fasta_v2.functional.gff3.gz
Odocoileus_virginianus,Ovir.te_1.0_HiC.fasta.gz,Ovir.te_1.0_HiC.fasta_v2.functional.gff3.gz,https://dnazoo.s3.wasabisys.com/Odocoileus_virginianus/README.json,https://dnazoo.s3.wasabisys.com/Odocoileus_virginianus/Ovir.te_1.0_HiC.fasta.gz,https://dnazoo.s3.wasabisys.com/Odocoileus_virginianus/Ovir.te_1.0_HiC.fasta_v2.functional.gff3.gz
Okapia_johnstoni,ASM166083v1_HiC.fasta.gz,ASM166083v1_HiC.fasta_v2.functional.gff3.gz,https://dnazoo.s3.wasabisys.com/Okapia_johnstoni/README.json,https://dnazoo.s3.wasabisys.com/Okapia_johnstoni/ASM166083v1_HiC.fasta.gz,https://dnazoo.s3.wasabisys.com/Okapia_johnstoni/ASM166083v1_HiC.fasta_v2.functional.gff3.gz
Orcinus_orca,Oorc_1.1_HiC.fasta.gz,Oorc_1.1_HiC.fasta_v2.functional.gff3.gz,https://dnazoo.s3.wasabisys.com/Orcinus_orca/README.json,https://dnazoo.s3.wasabisys.com/Orcinus_orca/Oorc_1.1_HiC.fasta.gz,https://dnazoo.s3.wasabisys.com/Orcinus_orca/Oorc_1.1_HiC.fasta_v2.functional.gff3.gz
Orycteropus_afer,OryAfe1.0_HiC.fasta.gz,OryAfe1.0_HiC.fasta_v2.functional.gff3.gz,https://dnazoo.s3.wasabisys.com/Orycteropus_afer/README.json,https://dnazoo.s3.wasabisys.com/Orycteropus_afer/OryAfe1.0_HiC.fasta.gz,https://dnazoo.s3.wasabisys.com/Orycteropus_afer/OryAfe1.0_HiC.fasta_v2.functional.gff3.gz
Oryctolagus_cuniculus,OryCun2.0_HiC.fasta.gz,OryCun2.0_HiC.fasta_v2.functional.gff3.gz,https://dnazoo.s3.wasabisys.com/Oryctolagus_cuniculus/README.json,https://dnazoo.s3.wasabisys.com/Oryctolagus_cuniculus/OryCun2.0_HiC.fasta.gz,https://dnazoo.s3.wasabisys.com/Oryctolagus_cuniculus/OryCun2.0_HiC.fasta_v2.functional.gff3.gz
Oryx_dammah,oryx.1_HiC.fasta.gz,oryx.1_HiC.fasta_v2.functional.gff3.gz,https://dnazoo.s3.wasabisys.com/Oryx_dammah/README.json,https://dnazoo.s3.wasabisys.com/Oryx_dammah/oryx.1_HiC.fasta.gz,https://dnazoo.s3.wasabisys.com/Oryx_dammah/oryx.1_HiC.fasta_v2.functional.gff3.gz
Otocyon_megalotis,Otocyon_megalotis_TS305_17_09_2019_HiC.fasta.gz,Otocyon_megalotis_TS305_17_09_2019_HiC.fasta_v2.functional.gff3.gz,https://dnazoo.s3.wasabisys.com/Otocyon_megalotis/README.json,https://dnazoo.s3.wasabisys.com/Otocyon_megalotis/Otocyon_megalotis_TS305_17_09_2019_HiC.fasta.gz,https://dnazoo.s3.wasabisys.com/Otocyon_megalotis/Otocyon_megalotis_TS305_17_09_2019_HiC.fasta_v2.functional.gff3.gz
Pachyuromys_duprasi,Pachyuromys_duprasi_HiC.fasta.gz,Pachyuromys_duprasi_HiC.fasta_v2.functional.gff3.gz,https://dnazoo.s3.wasabisys.com/Pachyuromys_duprasi/README.json,https://dnazoo.s3.wasabisys.com/Pachyuromys_duprasi/Pachyuromys_duprasi_HiC.fasta.gz,https://dnazoo.s3.wasabisys.com/Pachyuromys_duprasi/Pachyuromys_duprasi_HiC.fasta_v2.functional.gff3.gz
Panthera_onca,Panthera_onca_HiC.fasta.gz,Panthera_onca_HiC.fasta_v2.functional.gff3.gz,https://dnazoo.s3.wasabisys.com/Panthera_onca/README.json,https://dnazoo.s3.wasabisys.com/Panthera_onca/Panthera_onca_HiC.fasta.gz,https://dnazoo.s3.wasabisys.com/Panthera_onca/Panthera_onca_HiC.fasta_v2.functional.gff3.gz
Panthera_pardus,PanPar1.0_HiC.fasta.gz,PanPar1.0_HiC.fasta_v2.functional.gff3.gz,https://dnazoo.s3.wasabisys.com/Panthera_pardus/README.json,https://dnazoo.s3.wasabisys.com/Panthera_pardus/PanPar1.0_HiC.fasta.gz,https://dnazoo.s3.wasabisys.com/Panthera_pardus/PanPar1.0_HiC.fasta_v2.functional.gff3.gz
Panthera_tigris,PanTig1.0_HiC.fasta.gz,PanTig1.0_HiC.fasta_v2.functional.gff3.gz,https://dnazoo.s3.wasabisys.com/Panthera_tigris/README.json,https://dnazoo.s3.wasabisys.com/Panthera_tigris/PanTig1.0_HiC.fasta.gz,https://dnazoo.s3.wasabisys.com/Panthera_tigris/PanTig1.0_HiC.fasta_v2.functional.gff3.gz
Panthera_uncia,Panthera_uncia_HiC.fasta.gz,Panthera_uncia_HiC.fasta_v2.functional.gff3.gz,https://dnazoo.s3.wasabisys.com/Panthera_uncia/README.json,https://dnazoo.s3.wasabisys.com/Panthera_uncia/Panthera_uncia_HiC.fasta.gz,https://dnazoo.s3.wasabisys.com/Panthera_uncia/Panthera_uncia_HiC.fasta_v2.functional.gff3.gz
Papio_papio,Papio_papio_HiC.fasta.gz,Papio_papio_HiC.fasta_v2.functional.gff3.gz,https://dnazoo.s3.wasabisys.com/Papio_papio/README.json,https://dnazoo.s3.wasabisys.com/Papio_papio/Papio_papio_HiC.fasta.gz,https://dnazoo.s3.wasabisys.com/Papio_papio/Papio_papio_HiC.fasta_v2.functional.gff3.gz
Peponocephala_electra,Peponocephala_electra_HiC.fasta.gz,Peponocephala_electra_HiC.fasta_v2.functional.gff3.gz,https://dnazoo.s3.wasabisys.com/Peponocephala_electra/README.json,https://dnazoo.s3.wasabisys.com/Peponocephala_electra/Peponocephala_electra_HiC.fasta.gz,https://dnazoo.s3.wasabisys.com/Peponocephala_electra/Peponocephala_electra_HiC.fasta_v2.functional.gff3.gz
Perognathus_longimembris_pacificus,PPM_HiRise_rh_HiC.fasta.gz,PPM_HiRise_rh_HiC.fasta_v2.functional.gff3.gz,https://dnazoo.s3.wasabisys.com/Perognathus_longimembris_pacificus/README.json,https://dnazoo.s3.wasabisys.com/Perognathus_longimembris_pacificus/PPM_HiRise_rh_HiC.fasta.gz,https://dnazoo.s3.wasabisys.com/Perognathus_longimembris_pacificus/PPM_HiRise_rh_HiC.fasta_v2.functional.gff3.gz
Peromyscus_crinitus,pecr10X_v2_HiC.fasta.gz,pecr10X_v2_HiC.fasta_v2.functional.gff3.gz,https://dnazoo.s3.wasabisys.com/Peromyscus_crinitus/README.json,https://dnazoo.s3.wasabisys.com/Peromyscus_crinitus/pecr10X_v2_HiC.fasta.gz,https://dnazoo.s3.wasabisys.com/Peromyscus_crinitus/pecr10X_v2_HiC.fasta_v2.functional.gff3.gz
Peromyscus_nasutus,Peromyscus_nasutus_10x_v1_HiC.fasta.gz,Peromyscus_nasutus_10x_v1_HiC.fasta_v2.functional.gff3.gz,https://dnazoo.s3.wasabisys.com/Peromyscus_nasutus/README.json,https://dnazoo.s3.wasabisys.com/Peromyscus_nasutus/Peromyscus_nasutus_10x_v1_HiC.fasta.gz,https://dnazoo.s3.wasabisys.com/Peromyscus_nasutus/Peromyscus_nasutus_10x_v1_HiC.fasta_v2.functional.gff3.gz
Phascolarctos_cinereus,phaCin_unsw_v4.1_HiC.fasta.gz,phaCin_unsw_v4.1_HiC.fasta_v2.functional.gff3.gz,https://dnazoo.s3.wasabisys.com/Phascolarctos_cinereus/README.json,https://dnazoo.s3.wasabisys.com/Phascolarctos_cinereus/phaCin_unsw_v4.1_HiC.fasta.gz,https://dnazoo.s3.wasabisys.com/Phascolarctos_cinereus/phaCin_unsw_v4.1_HiC.fasta_v2.functional.gff3.gz
Phataginus_tricuspis,Jaziri_pseudohap2_scaffolds_HiC.fasta.gz,Jaziri_pseudohap2_scaffolds_HiC.fasta_v2.functional.gff3.gz,https://dnazoo.s3.wasabisys.com/Phataginus_tricuspis/README.json,https://dnazoo.s3.wasabisys.com/Phataginus_tricuspis/Jaziri_pseudohap2_scaffolds_HiC.fasta.gz,https://dnazoo.s3.wasabisys.com/Phataginus_tricuspis/Jaziri_pseudohap2_scaffolds_HiC.fasta_v2.functional.gff3.gz
Phoca_largha,Phoca_largha_HiC.fasta.gz,Phoca_largha_HiC.fasta_v2.functional.gff3.gz,https://dnazoo.s3.wasabisys.com/Phoca_largha/README.json,https://dnazoo.s3.wasabisys.com/Phoca_largha/Phoca_largha_HiC.fasta.gz,https://dnazoo.s3.wasabisys.com/Phoca_largha/Phoca_largha_HiC.fasta_v2.functional.gff3.gz
Phoca_vitulina,GSC_HSeal_1.0_HiC.fasta.gz,GSC_HSeal_1.0_HiC.fasta_v2.functional.gff3.gz,https://dnazoo.s3.wasabisys.com/Phoca_vitulina/README.json,https://dnazoo.s3.wasabisys.com/Phoca_vitulina/GSC_HSeal_1.0_HiC.fasta.gz,https://dnazoo.s3.wasabisys.com/Phoca_vitulina/GSC_HSeal_1.0_HiC.fasta_v2.functional.gff3.gz
Phocoena_phocoena,Phocoena_phocoena_HiC.fasta.gz,Phocoena_phocoena_HiC.fasta_v2.functional.gff3.gz,https://dnazoo.s3.wasabisys.com/Phocoena_phocoena/README.json,https://dnazoo.s3.wasabisys.com/Phocoena_phocoena/Phocoena_phocoena_HiC.fasta.gz,https://dnazoo.s3.wasabisys.com/Phocoena_phocoena/Phocoena_phocoena_HiC.fasta_v2.functional.gff3.gz
Pithecia_pithecia,Pithecia_pithecia_HiC.fasta.gz,Pithecia_pithecia_HiC.fasta_v2.functional.gff3.gz,https://dnazoo.s3.wasabisys.com/Pithecia_pithecia/README.json,https://dnazoo.s3.wasabisys.com/Pithecia_pithecia/Pithecia_pithecia_HiC.fasta.gz,https://dnazoo.s3.wasabisys.com/Pithecia_pithecia/Pithecia_pithecia_HiC.fasta_v2.functional.gff3.gz
Potorous_gilbertii,Potorous_gilbertii_HiC.fasta.gz,Potorous_gilbertii_HiC.fasta_v2.functional.gff3.gz,https://dnazoo.s3.wasabisys.com/Potorous_gilbertii/README.json,https://dnazoo.s3.wasabisys.com/Potorous_gilbertii/Potorous_gilbertii_HiC.fasta.gz,https://dnazoo.s3.wasabisys.com/Potorous_gilbertii/Potorous_gilbertii_HiC.fasta_v2.functional.gff3.gz
Potos_flavus,Potos_flavus_HiC.fasta.gz,Potos_flavus_HiC.fasta_v2.functional.gff3.gz,https://dnazoo.s3.wasabisys.com/Potos_flavus/README.json,https://dnazoo.s3.wasabisys.com/Potos_flavus/Potos_flavus_HiC.fasta.gz,https://dnazoo.s3.wasabisys.com/Potos_flavus/Potos_flavus_HiC.fasta_v2.functional.gff3.gz
Prionailurus_viverrinus,Prionailurus_viverrinus_HiC.fasta.gz,Prionailurus_viverrinus_HiC.fasta_v2.functional.gff3.gz,https://dnazoo.s3.wasabisys.com/Prionailurus_viverrinus/README.json,https://dnazoo.s3.wasabisys.com/Prionailurus_viverrinus/Prionailurus_viverrinus_HiC.fasta.gz,https://dnazoo.s3.wasabisys.com/Prionailurus_viverrinus/Prionailurus_viverrinus_HiC.fasta_v2.functional.gff3.gz
Procavia_capensis__Pcap_2.0,Pcap_2.0_HiC.fasta.gz,Pcap_2.0_HiC.fasta_v2.functional.gff3.gz,https://dnazoo.s3.wasabisys.com/Procavia_capensis__Pcap_2.0/README.json,https://dnazoo.s3.wasabisys.com/Procavia_capensis__Pcap_2.0/Pcap_2.0_HiC.fasta.gz,https://dnazoo.s3.wasabisys.com/Procavia_capensis__Pcap_2.0/Pcap_2.0_HiC.fasta_v2.functional.gff3.gz
Propithecus_coquereli,Pcoq_1.0_HiC.fasta.gz,Pcoq_1.0_HiC.fasta_v2.functional.gff3.gz,https://dnazoo.s3.wasabisys.com/Propithecus_coquereli/README.json,https://dnazoo.s3.wasabisys.com/Propithecus_coquereli/Pcoq_1.0_HiC.fasta.gz,https://dnazoo.s3.wasabisys.com/Propithecus_coquereli/Pcoq_1.0_HiC.fasta_v2.functional.gff3.gz
Pseudocheirus_occidentalis,Pseudocheirus_occidentalis_HiC.fasta.gz,Pseudocheirus_occidentalis_HiC.fasta_v2.functional.gff3.gz,https://dnazoo.s3.wasabisys.com/Pseudocheirus_occidentalis/README.json,https://dnazoo.s3.wasabisys.com/Pseudocheirus_occidentalis/Pseudocheirus_occidentalis_HiC.fasta.gz,https://dnazoo.s3.wasabisys.com/Pseudocheirus_occidentalis/Pseudocheirus_occidentalis_HiC.fasta_v2.functional.gff3.gz
Pseudochirops_corinnae,Pseudochirops_corinnae_HiC.fasta.gz,Pseudochirops_corinnae_HiC.fasta_v2.functional.gff3.gz,https://dnazoo.s3.wasabisys.com/Pseudochirops_corinnae/README.json,https://dnazoo.s3.wasabisys.com/Pseudochirops_corinnae/Pseudochirops_corinnae_HiC.fasta.gz,https://dnazoo.s3.wasabisys.com/Pseudochirops_corinnae/Pseudochirops_corinnae_HiC.fasta_v2.functional.gff3.gz
Pseudochirops_cupreus,Pseudochirops_cupreus_HiC.fasta.gz,Pseudochirops_cupreus_HiC.fasta_v2.functional.gff3.gz,https://dnazoo.s3.wasabisys.com/Pseudochirops_cupreus/README.json,https://dnazoo.s3.wasabisys.com/Pseudochirops_cupreus/Pseudochirops_cupreus_HiC.fasta.gz,https://dnazoo.s3.wasabisys.com/Pseudochirops_cupreus/Pseudochirops_cupreus_HiC.fasta_v2.functional.gff3.gz
Pseudomys_desertor,Pseudomys_desertor_wtdbg2_polished_HiC.fasta.gz,Pseudomys_desertor_wtdbg2_polished_HiC.fasta_v2.functional.gff3.gz,https://dnazoo.s3.wasabisys.com/Pseudomys_desertor/README.json,https://dnazoo.s3.wasabisys.com/Pseudomys_desertor/Pseudomys_desertor_wtdbg2_polished_HiC.fasta.gz,https://dnazoo.s3.wasabisys.com/Pseudomys_desertor/Pseudomys_desertor_wtdbg2_polished_HiC.fasta_v2.functional.gff3.gz
Pteronura_brasiliensis,Pteronura_brasiliensis_HiC.fasta.gz,Pteronura_brasiliensis_HiC.fasta_v2.functional.gff3.gz,https://dnazoo.s3.wasabisys.com/Pteronura_brasiliensis/README.json,https://dnazoo.s3.wasabisys.com/Pteronura_brasiliensis/Pteronura_brasiliensis_HiC.fasta.gz,https://dnazoo.s3.wasabisys.com/Pteronura_brasiliensis/Pteronura_brasiliensis_HiC.fasta_v2.functional.gff3.gz
Pteropus_rufus,Pteropus_rufus_HiC.fasta.gz,Pteropus_rufus_HiC.fasta_v2.functional.gff3.gz,https://dnazoo.s3.wasabisys.com/Pteropus_rufus/README.json,https://dnazoo.s3.wasabisys.com/Pteropus_rufus/Pteropus_rufus_HiC.fasta.gz,https://dnazoo.s3.wasabisys.com/Pteropus_rufus/Pteropus_rufus_HiC.fasta_v2.functional.gff3.gz
Pteropus_vampyrus,Pvam_2.0_HiC.fasta.gz,Pvam_2.0_HiC.fasta_v2.functional.gff3.gz,https://dnazoo.s3.wasabisys.com/Pteropus_vampyrus/README.json,https://dnazoo.s3.wasabisys.com/Pteropus_vampyrus/Pvam_2.0_HiC.fasta.gz,https://dnazoo.s3.wasabisys.com/Pteropus_vampyrus/Pvam_2.0_HiC.fasta_v2.functional.gff3.gz
Puma_concolor,PumCon1.0_HiC.fasta.gz,PumCon1.0_HiC.fasta_v2.functional.gff3.gz,https://dnazoo.s3.wasabisys.com/Puma_concolor/README.json,https://dnazoo.s3.wasabisys.com/Puma_concolor/PumCon1.0_HiC.fasta.gz,https://dnazoo.s3.wasabisys.com/Puma_concolor/PumCon1.0_HiC.fasta_v2.functional.gff3.gz
Rhinoceros_unicornis,Rhinoceros_unicornis_HiC.fasta.gz,Rhinoceros_unicornis_HiC.fasta_v2.functional.gff3.gz,https://dnazoo.s3.wasabisys.com/Rhinoceros_unicornis/README.json,https://dnazoo.s3.wasabisys.com/Rhinoceros_unicornis/Rhinoceros_unicornis_HiC.fasta.gz,https://dnazoo.s3.wasabisys.com/Rhinoceros_unicornis/Rhinoceros_unicornis_HiC.fasta_v2.functional.gff3.gz
Rousettus_madagascariensis,Rousettus_madagascariensis_HiC.fasta.gz,Rousettus_madagascariensis_HiC.fasta_v2.functional.gff3.gz,https://dnazoo.s3.wasabisys.com/Rousettus_madagascariensis/README.json,https://dnazoo.s3.wasabisys.com/Rousettus_madagascariensis/Rousettus_madagascariensis_HiC.fasta.gz,https://dnazoo.s3.wasabisys.com/Rousettus_madagascariensis/Rousettus_madagascariensis_HiC.fasta_v2.functional.gff3.gz
Saimiri_boliviensis,saiBolDis_HiC.fasta.gz,saiBolDis_HiC.fasta_v2.functional.gff3.gz,https://dnazoo.s3.wasabisys.com/Saimiri_boliviensis/README.json,https://dnazoo.s3.wasabisys.com/Saimiri_boliviensis/saiBolDis_HiC.fasta.gz,https://dnazoo.s3.wasabisys.com/Saimiri_boliviensis/saiBolDis_HiC.fasta_v2.functional.gff3.gz
Sarcophilus_harrisii,Devil_ref_v7.0_HiC.fasta.gz,Devil_ref_v7.0_HiC.fasta_v2.functional.gff3.gz,https://dnazoo.s3.wasabisys.com/Sarcophilus_harrisii/README.json,https://dnazoo.s3.wasabisys.com/Sarcophilus_harrisii/Devil_ref_v7.0_HiC.fasta.gz,https://dnazoo.s3.wasabisys.com/Sarcophilus_harrisii/Devil_ref_v7.0_HiC.fasta_v2.functional.gff3.gz
Sciurus_vulgaris,mSciVul1.PB.asm1.purge2.scaff2_HiC.fasta.gz,mSciVul1.PB.asm1.purge2.scaff2_HiC.fasta_v2.functional.gff3.gz,https://dnazoo.s3.wasabisys.com/Sciurus_vulgaris/README.json,https://dnazoo.s3.wasabisys.com/Sciurus_vulgaris/mSciVul1.PB.asm1.purge2.scaff2_HiC.fasta.gz,https://dnazoo.s3.wasabisys.com/Sciurus_vulgaris/mSciVul1.PB.asm1.purge2.scaff2_HiC.fasta_v2.functional.gff3.gz
Setonix_brachyurus,Setonix_brachyurus_HiC.fasta.gz,Setonix_brachyurus_HiC.fasta_v2.functional.gff3.gz,https://dnazoo.s3.wasabisys.com/Setonix_brachyurus/README.json,https://dnazoo.s3.wasabisys.com/Setonix_brachyurus/Setonix_brachyurus_HiC.fasta.gz,https://dnazoo.s3.wasabisys.com/Setonix_brachyurus/Setonix_brachyurus_HiC.fasta_v2.functional.gff3.gz
Sminthopsis_crassicaudata,Sminthopsis_crassicaudata_HiC.fasta.gz,Sminthopsis_crassicaudata_HiC.fasta_v2.functional.gff3.gz,https://dnazoo.s3.wasabisys.com/Sminthopsis_crassicaudata/README.json,https://dnazoo.s3.wasabisys.com/Sminthopsis_crassicaudata/Sminthopsis_crassicaudata_HiC.fasta.gz,https://dnazoo.s3.wasabisys.com/Sminthopsis_crassicaudata/Sminthopsis_crassicaudata_HiC.fasta_v2.functional.gff3.gz
Stenella_attenuata,Stenella_attenuata_HiC.fasta.gz,Stenella_attenuata_HiC.fasta_v2.functional.gff3.gz,https://dnazoo.s3.wasabisys.com/Stenella_attenuata/README.json,https://dnazoo.s3.wasabisys.com/Stenella_attenuata/Stenella_attenuata_HiC.fasta.gz,https://dnazoo.s3.wasabisys.com/Stenella_attenuata/Stenella_attenuata_HiC.fasta_v2.functional.gff3.gz
Stenella_clymene,Stenella_clymene_HiC.fasta.gz,Stenella_clymene_HiC.fasta_v2.functional.gff3.gz,https://dnazoo.s3.wasabisys.com/Stenella_clymene/README.json,https://dnazoo.s3.wasabisys.com/Stenella_clymene/Stenella_clymene_HiC.fasta.gz,https://dnazoo.s3.wasabisys.com/Stenella_clymene/Stenella_clymene_HiC.fasta_v2.functional.gff3.gz
Stenella_frontalis,Stenella_frontalis_HiC.fasta.gz,Stenella_frontalis_HiC.fasta_v2.functional.gff3.gz,https://dnazoo.s3.wasabisys.com/Stenella_frontalis/README.json,https://dnazoo.s3.wasabisys.com/Stenella_frontalis/Stenella_frontalis_HiC.fasta.gz,https://dnazoo.s3.wasabisys.com/Stenella_frontalis/Stenella_frontalis_HiC.fasta_v2.functional.gff3.gz
Stenella_longirostris_orientalis,Stenella_longirostris_orientalis_HiC.fasta.gz,Stenella_longirostris_orientalis_HiC.fasta_v2.functional.gff3.gz,https://dnazoo.s3.wasabisys.com/Stenella_longirostris_orientalis/README.json,https://dnazoo.s3.wasabisys.com/Stenella_longirostris_orientalis/Stenella_longirostris_orientalis_HiC.fasta.gz,https://dnazoo.s3.wasabisys.com/Stenella_longirostris_orientalis/Stenella_longirostris_orientalis_HiC.fasta_v2.functional.gff3.gz
Steno_bredanensis,Steno_bredanensis_HiC.fasta.gz,Steno_bredanensis_HiC.fasta_v2.functional.gff3.gz,https://dnazoo.s3.wasabisys.com/Steno_bredanensis/README.json,https://dnazoo.s3.wasabisys.com/Steno_bredanensis/Steno_bredanensis_HiC.fasta.gz,https://dnazoo.s3.wasabisys.com/Steno_bredanensis/Steno_bredanensis_HiC.fasta_v2.functional.gff3.gz
Struthio_camelus,ASM69896v1_HiC.fasta.gz,ASM69896v1_HiC.fasta_v2.functional.gff3.gz,https://dnazoo.s3.wasabisys.com/Struthio_camelus/README.json,https://dnazoo.s3.wasabisys.com/Struthio_camelus/ASM69896v1_HiC.fasta.gz,https://dnazoo.s3.wasabisys.com/Struthio_camelus/ASM69896v1_HiC.fasta_v2.functional.gff3.gz
Suricata_suricatta,meerkat_22Aug2017_6uvM2_HiC.fasta.gz,meerkat_22Aug2017_6uvM2_HiC.fasta_v2.functional.gff3.gz,https://dnazoo.s3.wasabisys.com/Suricata_suricatta/README.json,https://dnazoo.s3.wasabisys.com/Suricata_suricatta/meerkat_22Aug2017_6uvM2_HiC.fasta.gz,https://dnazoo.s3.wasabisys.com/Suricata_suricatta/meerkat_22Aug2017_6uvM2_HiC.fasta_v2.functional.gff3.gz
Sylvilagus_bachmani,Sylvilagus_bachmani_HiC.fasta.gz,Sylvilagus_bachmani_HiC.fasta_v2.functional.gff3.gz,https://dnazoo.s3.wasabisys.com/Sylvilagus_bachmani/README.json,https://dnazoo.s3.wasabisys.com/Sylvilagus_bachmani/Sylvilagus_bachmani_HiC.fasta.gz,https://dnazoo.s3.wasabisys.com/Sylvilagus_bachmani/Sylvilagus_bachmani_HiC.fasta_v2.functional.gff3.gz
Tapirus_indicus,Tapirus_indicus_HiC.fasta.gz,Tapirus_indicus_HiC.fasta_v2.functional.gff3.gz,https://dnazoo.s3.wasabisys.com/Tapirus_indicus/README.json,https://dnazoo.s3.wasabisys.com/Tapirus_indicus/Tapirus_indicus_HiC.fasta.gz,https://dnazoo.s3.wasabisys.com/Tapirus_indicus/Tapirus_indicus_HiC.fasta_v2.functional.gff3.gz
Tapirus_terrestris,Tapirus_terrestris_HiC.fasta.gz,Tapirus_terrestris_HiC.fasta_v2.functional.gff3.gz,https://dnazoo.s3.wasabisys.com/Tapirus_terrestris/README.json,https://dnazoo.s3.wasabisys.com/Tapirus_terrestris/Tapirus_terrestris_HiC.fasta.gz,https://dnazoo.s3.wasabisys.com/Tapirus_terrestris/Tapirus_terrestris_HiC.fasta_v2.functional.gff3.gz
Tragelaphus_eurycerus_isaaci,barney_pseudo2.1_HiC.fasta.gz,barney_pseudo2.1_HiC.fasta_v2.functional.gff3.gz,https://dnazoo.s3.wasabisys.com/Tragelaphus_eurycerus_isaaci/README.json,https://dnazoo.s3.wasabisys.com/Tragelaphus_eurycerus_isaaci/barney_pseudo2.1_HiC.fasta.gz,https://dnazoo.s3.wasabisys.com/Tragelaphus_eurycerus_isaaci/barney_pseudo2.1_HiC.fasta_v2.functional.gff3.gz
Tremarctos_ornatus,Tremarctos_ornatus_HiC.fasta.gz,Tremarctos_ornatus_HiC.fasta_v2.functional.gff3.gz,https://dnazoo.s3.wasabisys.com/Tremarctos_ornatus/README.json,https://dnazoo.s3.wasabisys.com/Tremarctos_ornatus/Tremarctos_ornatus_HiC.fasta.gz,https://dnazoo.s3.wasabisys.com/Tremarctos_ornatus/Tremarctos_ornatus_HiC.fasta_v2.functional.gff3.gz
Trichechus_manatus,TriManLat1.0_HiC.fasta.gz,TriManLat1.0_HiC.fasta_v2.functional.gff3.gz,https://dnazoo.s3.wasabisys.com/Trichechus_manatus/README.json,https://dnazoo.s3.wasabisys.com/Trichechus_manatus/TriManLat1.0_HiC.fasta.gz,https://dnazoo.s3.wasabisys.com/Trichechus_manatus/TriManLat1.0_HiC.fasta_v2.functional.gff3.gz
Tursiops_aduncus,ASM322739v1_HiC.fasta.gz,ASM322739v1_HiC.fasta_v2.functional.gff3.gz,https://dnazoo.s3.wasabisys.com/Tursiops_aduncus/README.json,https://dnazoo.s3.wasabisys.com/Tursiops_aduncus/ASM322739v1_HiC.fasta.gz,https://dnazoo.s3.wasabisys.com/Tursiops_aduncus/ASM322739v1_HiC.fasta_v2.functional.gff3.gz
Tursiops_truncatus,NIST_Tur_tru_v1_HiC.fasta.gz,NIST_Tur_tru_v1_HiC.fasta_v2.functional.gff3.gz,https://dnazoo.s3.wasabisys.com/Tursiops_truncatus/README.json,https://dnazoo.s3.wasabisys.com/Tursiops_truncatus/NIST_Tur_tru_v1_HiC.fasta.gz,https://dnazoo.s3.wasabisys.com/Tursiops_truncatus/NIST_Tur_tru_v1_HiC.fasta_v2.functional.gff3.gz
Uromys_caudimaculatus,Uromys_caudimaculatus_HiC.fasta.gz,Uromys_caudimaculatus_HiC.fasta_v2.functional.gff3.gz,https://dnazoo.s3.wasabisys.com/Uromys_caudimaculatus/README.json,https://dnazoo.s3.wasabisys.com/Uromys_caudimaculatus/Uromys_caudimaculatus_HiC.fasta.gz,https://dnazoo.s3.wasabisys.com/Uromys_caudimaculatus/Uromys_caudimaculatus_HiC.fasta_v2.functional.gff3.gz
Ursus_americanus,ASM334442v1_HiC.fasta.gz,ASM334442v1_HiC.fasta_v2.functional.gff3.gz,https://dnazoo.s3.wasabisys.com/Ursus_americanus/README.json,https://dnazoo.s3.wasabisys.com/Ursus_americanus/ASM334442v1_HiC.fasta.gz,https://dnazoo.s3.wasabisys.com/Ursus_americanus/ASM334442v1_HiC.fasta_v2.functional.gff3.gz
Ursus_arctos,ASM358476v1_HiC.fasta.gz,ASM358476v1_HiC.fasta_v2.functional.gff3.gz,https://dnazoo.s3.wasabisys.com/Ursus_arctos/README.json,https://dnazoo.s3.wasabisys.com/Ursus_arctos/ASM358476v1_HiC.fasta.gz,https://dnazoo.s3.wasabisys.com/Ursus_arctos/ASM358476v1_HiC.fasta_v2.functional.gff3.gz
Ursus_maritimus,UrsMar_1.0_HiC.fasta.gz,UrsMar_1.0_HiC.fasta_v2.functional.gff3.gz,https://dnazoo.s3.wasabisys.com/Ursus_maritimus/README.json,https://dnazoo.s3.wasabisys.com/Ursus_maritimus/UrsMar_1.0_HiC.fasta.gz,https://dnazoo.s3.wasabisys.com/Ursus_maritimus/UrsMar_1.0_HiC.fasta_v2.functional.gff3.gz
Vicugna_pacos,Vicugna_pacos-2.0.1_HiC.fasta.gz,Vicugna_pacos-2.0.1_HiC.fasta_v2.functional.gff3.gz,https://dnazoo.s3.wasabisys.com/Vicugna_pacos/README.json,https://dnazoo.s3.wasabisys.com/Vicugna_pacos/Vicugna_pacos-2.0.1_HiC.fasta.gz,https://dnazoo.s3.wasabisys.com/Vicugna_pacos/Vicugna_pacos-2.0.1_HiC.fasta_v2.functional.gff3.gz
Vulpes_vulpes,VulVul2.2_HiC.fasta.gz,VulVul2.2_HiC.fasta_v2.functional.gff3.gz,https://dnazoo.s3.wasabisys.com/Vulpes_vulpes/README.json,https://dnazoo.s3.wasabisys.com/Vulpes_vulpes/VulVul2.2_HiC.fasta.gz,https://dnazoo.s3.wasabisys.com/Vulpes_vulpes/VulVul2.2_HiC.fasta_v2.functional.gff3.gz
Xerus_rutilus,Xerus_rutilus_HiC.fasta.gz,Xerus_rutilus_HiC.fasta_v2.functional.gff3.gz,https://dnazoo.s3.wasabisys.com/Xerus_rutilus/README.json,https://dnazoo.s3.wasabisys.com/Xerus_rutilus/Xerus_rutilus_HiC.fasta.gz,https://dnazoo.s3.wasabisys.com/Xerus_rutilus/Xerus_rutilus_HiC.fasta_v2.functional.gff3.gz
